{"cameraMode":{"drawMode":0,"name":"Shaded","section":"Shading Mode"},"sceneLighting":true,"audioPlay":false,"sceneViewState":{"m_AlwaysRefresh":false,"showFog":true,"showSkybox":true,"showFlares":true,"showImageEffects":true,"showParticleSystems":true,"showVisualEffectGraphs":true,"m_FxEnabled":true},"in2DMode":false,"pivot":{"x":320.6009826660156,"y":312.68743896484377,"z":4.0544891357421879},"rotation":{"x":0.010190039873123169,"y":0.00359688070602715,"z":0.0000366807435057126,"w":-0.9999433159828186},"size":212.1222686767578,"orthographic":false}