{"cameraMode":{"drawMode":0,"name":"Shaded","section":"Shading Mode"},"sceneLighting":true,"audioPlay":false,"sceneViewState":{"m_AlwaysRefresh":false,"showFog":true,"showSkybox":true,"showFlares":true,"showImageEffects":true,"showParticleSystems":true,"showVisualEffectGraphs":true,"m_FxEnabled":true},"in2DMode":false,"pivot":{"x":0.994999885559082,"y":11.097999572753907,"z":-8.942999839782715},"rotation":{"x":-0.13472811877727509,"y":0.04961863532662392,"z":-0.006755097769200802,"w":-0.9896183609962463},"size":12.12435531616211,"orthographic":false}