{"cameraMode":{"drawMode":0,"name":"Shaded","section":"Shading Mode"},"sceneLighting":true,"audioPlay":false,"sceneViewState":{"m_AlwaysRefresh":false,"showFog":true,"showSkybox":true,"showFlares":true,"showImageEffects":true,"showParticleSystems":true,"showVisualEffectGraphs":true,"m_FxEnabled":true},"in2DMode":false,"pivot":{"x":0.09000015258789063,"y":1.4700000286102296,"z":75.80000305175781},"rotation":{"x":0.35280507802963259,"y":0.03928358480334282,"z":-0.014825807884335518,"w":0.9347603917121887},"size":5.244044303894043,"orthographic":false}